dof,error
1170,0.00622339
2973,0.00337107
11862,0.00142366
47310,0.000825632
168222,0.00038686
