dof,error
684,0.00320553
1716,0.00186712
7005,0.000579115
28290,0.000182912
100080,6.26E-05
