dof,mu
288,0.0607662
1152,0.0607662
4608,0.0607662
18432,0.0607662
73728,0.0607662
294912,0.0607662
