dof,error
288,0.0103438
1152,0.00222181
4608,0.000563449
18432,0.000143895
73728,3.71E-05
294912,9.72E-06
