dof,error
288.0,0.03915978565148959
1152.0,0.013040192790135095
4608.0,0.004851569732217491
18432.0,0.004422052574691946
73728.0,0.002709300141323931
294912.0,0.002606714664393747
