dof,error
288.0,0.010236632302755053
1152.0,0.0017678556305532945
4608.0,0.0006255022812727564
18432.0,0.00023120229928627197
73728.0,8.7951053081094e-05
294912.0,3.404155104340328e-05
