dof,error
288.0,0.0138867783967976
1152.0,0.002189506381435873
4608.0,0.0008391285024869448
18432.0,0.00032678352503887455
73728.0,0.00012833744288018618
294912.0,5.064506804440476e-05
