dof,error
288.0,0.007571235676197054
1152.0,0.0015157325506860563
4608.0,0.00046695376016222227
18432.0,0.0001543439661665723
73728.0,5.436514397725163e-05
294912.0,2.0014770391490044e-05
