dof,error
288.0,1.0000000003351919
1152.0,1.000000000023536
4608.0,1.0000000000866134
18432.0,0.9999999999878039
73728.0,1.000000000000925
294912.0,1.000000000002768
