dof,error
288.0,0.007605181659854664
1152.0,0.0015904362662429604
4608.0,0.00038018939450852217
18432.0,9.32856918337825e-05
73728.0,2.34367837461245e-05
294912.0,6.073759631454406e-06
