dof,error
288.0,1.000066808515984
1152.0,1.0000108142883575
4608.0,1.00015482161312
18432.0,1.0000044868996545
73728.0,1.000001614077071
294912.0,1.0000012322996925
