dof,error
288.0,0.011609600255620637
1152.0,0.0025287051128628146
4608.0,0.0005735842525867224
18432.0,0.00013089955662813973
73728.0,4.220504550173925e-05
294912.0,3.211692922031127e-05
