dof,error
288.0,0.017948549205800517
1152.0,0.00249645861400235
4608.0,0.0010439440972669562
18432.0,0.00042531274624374443
73728.0,0.00017273215269534653
294912.0,7.011123474178666e-05
