dof,error
288.0,0.006588556854415621
1152.0,0.0013840692636615858
4608.0,0.000366716773426399
18432.0,0.00010300500551696007
73728.0,3.086708360752226e-05
294912.0,9.94560952569715e-06
