gamma,error_L2,error_Linfty
0.4444444444444444,2.6886260374678365e-06,0.00020274225707849104
