dof,mu
684,0.1208
1716,0.116497
7005,0.0510123
28290,0.0459122
100080,0.021384227439697
