dof,q
684,0.549064
1716,0.729686
7005,0.729775
28290,0.735708
100080,0.834839534136351
