dof,error,rate
288.0,0.12409005707048168,0.0
1152.0,0.023357401831568904,0.783547787180237
4608.0,0.00788282269516892,0.412253843943333
18432.0,0.004451231816485974,0.04414642935373608
73728.0,0.00418698508363974,0.7836103410287737
294912.0,0.0014129310807739924,0.04666115632936395
1179648.0,0.0013244274190884232,0.0
