dof,error,rate
288.0,0.045955593941404235,0.0
1152.0,0.012385715491929634,0.9474771523365668
4608.0,0.0033302973641355952,1.0268685607318817
18432.0,0.0008021332828675281,0.40082990391685175
73728.0,0.0004601748595021421,1.0275143185501119
294912.0,0.00011073824250746486,0.7142757786288298
1179648.0,4.113966563215485e-05,0.0
