dof,error
288.0,0.0181458482002438
1152.0,0.00159043626624559
4608.0,0.0003801893945078677
18432.0,9.32817304776819e-05
73728.0,2.3437990262055227e-05
294912.0,6.071218598797146e-06
