dof,error,rate
288.0,0.09531315080832975,0.0
1152.0,0.010855046858099609,0.13994452589536174
4608.0,0.008940806636684383,0.8474422412698152
18432.0,0.002761630904073301,-0.07095065218082984
73728.0,0.003047068258188448,1.067576828096048
294912.0,0.0006936444044345122,0.14939176130562043
1179648.0,0.0005638895998302463,0.0
