dof,error,rate
288.0,0.05274818223671483,0.0
1152.0,0.0185923825967745,-0.05236319712348294
4608.0,0.019992211324506994,0.7200644896983919
18432.0,0.007367816710501933,-0.052974674401978235
73728.0,0.007929261584674144,0.7198123628342546
294912.0,0.002923226859424135,0.3333529544817564
1179648.0,0.0018414674370418936,0.0
