dof,error,rate
288.0,0.010343841044004225,0.0
1152.0,0.002972357602668869,0.9697431474464916
4608.0,0.0007749211370050301,0.9870226693820294
18432.0,0.00019724710929966893,0.99507874539876
73728.0,4.9649347628252165e-05,0.9983761097802598
294912.0,1.244031090956268e-05,0.999487478874019
1179648.0,3.1122882388201292e-06,0.0
