dof,error
288.0,0.01794854920579749
1152.0,0.002925569916464193
4608.0,0.0011720658171431501
18432.0,0.0004623450161421967
73728.0,0.00018161851922221455
294912.0,7.14765006036416e-05
