dof,error
288.0,0.008098879419790223
1152.0,0.0015240472887759178
4608.0,0.00047101359450784307
18432.0,0.0001567080023734898
73728.0,5.568628758459481e-05
294912.0,2.0683107233607127e-05
