dof,error,rate
288,0.00812809,0
1152,0.00197344,0.852044398429509
4608,0.000558641,0.877331727537871
18432,0.000151957,0.894295943075478
73728,4.03E-05,0.906766111911668
294912,1.05E-05,0.916560949352215
1.18E+06,2.72E-06,0
