dof,error
288.0,0.01080238355817434
1152.0,0.0017678556305470992
4608.0,0.0006255022812731507
18432.0,0.00023162766516988536
73728.0,8.815234308222359e-05
294912.0,3.4130140219690466e-05
