dof,error
288.0,0.0070221532181510326
1152.0,0.0013840692636580803
4608.0,0.0003667167734212122
18432.0,0.00010300500550971202
73728.0,3.085252958779145e-05
294912.0,9.936472677191329e-06
