dof,error
288.0,0.014303743713951787
1152.0,0.0021895063814379905
4608.0,0.0008391285024905924
18432.0,0.0003267835250436302
73728.0,0.00012833744290773028
294912.0,5.0645068117965255e-05
