dof,mu,q
288.0,0.16071533196474486,0.3517070366755773
1152.0,0.16546729807563562,0.33850435492935
4608.0,0.16352157505511056,0.36114904467721265
18432.0,0.16135620310859244,0.37358355062414267
73728.0,0.16000421792465913,0.3804091757949669
0.0,0.0,0.0
0.0,0.0,0.0
