dof,mu,q
288.0,0.18793919185736688,0.13560470023874302
1152.0,0.18793919185736438,0.17168147410619045
4608.0,0.18793919185735097,0.17168147410619045
18432.0,0.18793919185731903,0.1716814741061909
73728.0,0.18793919185715074,0.1716814741061925
294912.0,0.18793919185580038,0.17168147410619525
