dof,mu,q
288.0,0.10092633623199185,0.7692836917289895
1152.0,0.10092633623199175,0.9996564010761961
4608.0,0.10092633623199172,0.9996564010761961
18432.0,0.10092633623198731,0.9996564010761958
73728.0,0.10092633623197107,0.9996564010761958
294912.0,0.10092633623190707,0.9996564010761961
