dof,mu,q
288.0,0.06002107827318991,1.1368231631829313
1152.0,0.06002107827318992,1.2854257092061376
4608.0,0.06002107827318948,1.2854257092061379
18432.0,0.0600210782731863,1.2854257092061376
73728.0,0.060021078273177805,1.2854257092061376
294912.0,0.06002107827305968,1.2854257092061376
