dof,mu,q
288.0,0.10218466492696407,0.7742778460662931
1152.0,0.11430240132939119,0.7069249710582208
4608.0,0.11142842496264488,0.709609682875474
18432.0,0.11081229943437708,0.7101638236076911
73728.0,0.11052390681210061,0.7102776207894225
294912.0,0.11046455365663109,0.7103009646557696
1179648.0,0.11045237233692001,0.7103057545144681
