dof,mu,q
288.0,0.20710678118623874,1.064148769102658e-12
1152.0,0.2071067811862375,2.107869434553323e-12
4608.0,0.20710678118623777,2.1078694345533242e-12
18432.0,0.20710678118622558,2.1103119252052737e-12
73728.0,0.2071067811861461,2.115307928816086e-12
294912.0,0.20710678118503728,2.120303932429126e-12
