dof,mu,q
288.0,0.1367431146100394,0.5003294663059311
1152.0,0.1367431146100394,0.6714806590268573
4608.0,0.13674311461003916,0.671480659026857
18432.0,0.13674311461003807,0.6714806590268573
73728.0,0.13674311461001507,0.6714806590268572
294912.0,0.13674311460983124,0.671480659026856
