dof,mu,q
288.0,0.1656400120010923,0.297035815342705
1152.0,0.16564001200109088,0.3934633770952833
4608.0,0.1656400120010877,0.39346337709528345
18432.0,0.16564001200108147,0.3934633770952839
73728.0,0.16564001200096004,0.3934633770952838
294912.0,0.16564001200086326,0.3934633770952847
