dof,mu,q
288.0,0.15357536546897305,0.39961552596185185
1152.0,0.16041059988827458,0.3906334218094251
4608.0,0.15704978394353689,0.4170286119707425
18432.0,0.15495855453322818,0.4302659995365989
73728.0,0.15358402948398406,0.4368667117659308
294912.0,0.1527182251809131,0.44016020841253334
1179648.0,0.1521950778202345,0.4427283607363518
