dof,error,rate
1170.0,0.030014553324660923,0.7382370618258136
4680.0,0.01078621035021427,-0.16917270623521993
18720.0,0.013637067922121108,0.4738390943625184
74880.0,0.007070358621306139,0.5927295967288122
299520.0,0.0031087275836430913,0.35649086517196454
1198080.0,0.001896504071892303,0.0
