dof,mu
1170,0.0329168
2973,0.0227382
11862,0.0149862
47310,0.00387888
168222,0.000274632
