dof,error,rate
288.0,0.018691899778655017,0.0
1152.0,0.0029565477300430346,0.6716644743442942
4608.0,0.0011652056638191961,0.6714321227661588
18432.0,0.00045936739752324216,0.6703498292065645
73728.0,0.00018137163023067992,0.6692413521409163
294912.0,7.172093025574429e-05,0.6683871739515717
1179648.0,2.839466425069181e-05,0.0
