dof,error,rate
288.0,0.14233808684741228,0.0
1152.0,0.01619243146759843,-0.012807321645565794
4608.0,0.01648249086019875,0.7500259672028834
18432.0,0.005827230755528175,-0.011805978161573513
73728.0,0.0059233872117284364,0.36925803758449816
294912.0,0.0035502148192245934,0.7491692582129712
1179648.0,0.001256636862829338,0.0
