dof,mu,q
288.0,0.17944060427177566,0.22180255338496974
1152.0,0.17949675123549685,0.20291809225968876
4608.0,0.17946386462035344,0.21404098214730224
18432.0,0.17866104221568369,0.22180341580870494
73728.0,0.1778184354177831,0.22722972722089635
294912.0,0.17718294673687007,0.23103103863195185
1179648.0,0.1767144427826198,0.23466505868061213
