gamma,mu,q
0.0,0.20710678118466727,1.482716813359006e-11
0.25,0.17249998039876152,0.26711085460677625
0.5,0.12287313374626264,0.6625587572520241
