dof,error
684,0.00313714
1716,0.001649325
7005,0.0004816
28290,0.000135432
100080,4.38E-05
