dof,mu
1170,0.143395
4680,0.143395
18720,0.143395
74880,0.143395
299520,0.143395
