dof,q
1170,0.509832
4680,0.675064
18720,0.675064
74880,0.675064
299520,0.675064
