dof,error
1170,0.0815311
4680,0.073133
18720,0.0516751
74880,0.0365202
299520,0.0258155
1.20E+06,0.0182508
