gamma,Q
0.0947368,0.9675
0.236842,1.0412
0.378947,1.0925
0.521053,1.2509
0.663158,1.5713
