gamma,Q
0.0947368,1.0037
0.236842,1.0412
0.378947,1.0925
0.521053,1.1409
0.663158,1.5713
0.805263,2.5501
0.9,4.9677
