dof,error,beta
684,0.00395004,0.33
981,0.00210297,
1470,0.00123666,
2379,0.000820206,
3639,0.000575087,
5601,0.000353911,
8601,0.000257118,
12822,0.000171692,
19137,0.000116531,
28494,8.13E-05,
42054,5.62E-05,
61560,3.87E-05,
89811,2.69E-05,
131136,1.86E-05,
188649,1.33E-05,
