dof,mu
684,0.140973
981,0.11996
1488,0.11996
2415,0.11996
3654,0.11996
5577,0.11996
8589,0.11996
12780,0.11996
19059,0.11996
28593,0.11996
42048,0.11996
61431,0.11996
89835,0.11996
131577,0.11996
189324,0.11996
