dof,mu
288,0.123616
1152,0.123616
4608,0.123616
18432,0.123616
73728,0.123616
294912,0.123616
