dof,mu
288,0.0980103
1152,0.0980103
4608,0.0980103
18432,0.0980103
73728,0.0980103
294912,0.0980103
