dof,q
288,0.610066
1152,0.798145
4608,0.798145
18432,0.798145
73728,0.798145
294912,0.798145
