dof,q
288,0.785059
1152,1.01519
4608,1.01519
18432,1.01519
73728,1.01519
294912,1.01519
