dof,Q,Q_theory
1170,2.46626,4.56
4680,2.47185,4.56
18720,2.4722,4.56
74880,2.47222,4.56
299520,2.47222,4.56
