dof,Q,Q_theory
1170,2.80292,4.56
4680,2.80292,4.56
18720,2.80292,4.56
74880,2.80292,4.56
299520,2.80292,4.56
