dof,Q,Q_theory
1170,1.53622,1.667
4680,1.53622,1.667
18720,1.53622,1.667
74880,1.53622,1.667
299520,1.53622,1.667
