dof,Q,Q_theory   
1170,4.5141,8.03125
4680,4.5241,8.03125
18720,4.5251,8.03125
74880,4.5251,8.03125
299520,4.5253,8.03125
