dof,error
684,0.003144
1716,0.00164914
7005,0.0004823
28290,0.000135274
100080,4.50E-05
