dof,error,rate
1170.0,0.009305656872584795,0.6536500848399063
4680.0,0.0037601958896305906,0.8421940876651811
18720.0,0.0011699279195059532,0.940009372172009
74880.0,0.0003178462345200411,0.9792555305330617
299520.0,8.177988481967967e-05,0.993141988646296
1198080.0,2.0640273012321062e-05,0.0
