dof,q
1170,0.763934
2973,0.831457
11862,0.958812
47310,0.98589
168222,1.16567
