dof,error,rate
1170.0,0.02166007488173572,0.17596532866220863
4680.0,0.0169714234453868,0.622239860178398
18720.0,0.007162960308294027,0.6239471154670656
74880.0,0.0030160528662673877,0.6265313335425514
299520.0,0.0012654048668765982,0.6232949279504041
1198080.0,0.0005332962889294951,0.0
