dof,error,rate
1170.0,0.03291787775781633,0.4309314853245926
4680.0,0.018112784573111614,0.1752242681273666
18720.0,0.014206585207374037,1.1370097704767117
74880.0,0.002937254703399719,-0.1385254281621685
299520.0,0.003559116680747933,0.5010359823692374
1198080.0,0.0017770044148583389,0.0
