dof,error,rate
1170.0,0.009377249064294721,0.8372766357870917
4680.0,0.002937546074805341,0.5360855397050673
18720.0,0.0013971049512501866,0.5212648217018515
74880.0,0.00067826020643976,0.5120807591333092
299520.0,0.000333497820732312,0.5067093886314868
1198080.0,0.00016520513805188262,0.0
