dof,error,rate
1170.0,0.08153109541842932,0.07841439692121432
4680.0,0.07313295237549976,0.25052673942675563
18720.0,0.05167505882315407,0.2503871485504894
74880.0,0.03652017880371051,0.25022783530110265
299520.0,0.025815511048067112,0.46237137141259027
1198080.0,0.013598951439843096,0.0
