dof,mu,q
1170.0,0.11563928731397924,0.6443936356973528
4680.0,0.10381335192252708,0.8347929024447467
18720.0,0.10427519525830647,0.8198287689617662
74880.0,0.104483060566933,0.8125698483958428
299520.0,0.10458157611791452,0.8089973301396101
1198080.0,0.10462952139491069,0.8072253348816452
