dof,error
288.0,0.00784973734426891
1152.0,0.0017105153834801959
4608.0,0.00047871219731884183
18432.0,0.00014095108820195157
73728.0,4.429160928794412e-05
294912.0,1.489123793239546e-05
