dof,error,rate
288.0,0.04225121711537982,0.0
1152.0,0.02072485618018292,0.8549936066394714
4608.0,0.006334817124556683,0.5055407361747425
18432.0,0.0031431726063316733,0.4697642256183812
73728.0,0.0016388604896938528,1.998334441771522
294912.0,0.00010266555719446852,0.9507812293645644
1179648.0,2.7478778909879565e-05,0.0
