dof,error,rate
288.0,0.008023929776286584,0.0
1152.0,0.0022074599834076736,0.9534223072057367
4608.0,0.0005886747573634912,0.9769547630685831
18432.0,0.0001519462678549398,0.9889321642606818
73728.0,3.857389971403585e-05,0.9947493937292651
294912.0,9.713924768986643e-06,0.997462835795045
1179648.0,2.437037822446655e-06,0.0
