dof,error
288.0,0.010343841044004225
1152.0,0.002223937447281287
4608.0,0.0005643270250621833
18432.0,0.00014432559756137156
73728.0,3.722761413917225e-05
294912.0,9.782624265902393e-06
