dof,error
288.0,0.012861281013237387
1152.0,0.002058123181170484
4608.0,0.0007691585590241945
18432.0,0.00029874497303899387
73728.0,0.00011796615139460763
294912.0,4.678401018018511e-05
