dof,error
288.0,0.009681806035728357
1152.0,0.001820984641120307
4608.0,0.0006101097049666217
18432.0,0.0002171367336162011
73728.0,8.089744657209908e-05
294912.0,3.095730632634411e-05
