dof,mu,q
288.0,0.20710678118622497,1.1023619152424857e-12
1152.0,0.20710678118510764,9.573795776085463e-12
4608.0,0.20710678118360362,1.9132989692213687e-11
18432.0,0.2071067811802855,3.7149800655455064e-11
73728.0,0.2071067810484306,8.894919198772151e-11
294912.0,0.20710678091025697,1.880118362301343e-09
1179648.0,0.20710677987513537,3.769796389564617e-09
