dof,mu
1170,0.0360763
4680,0.0360763
18720,0.0360763
74880,0.0360763
299520,0.0360763
1200000,0.0360763
