dof,error
1170,0.0088201
4680,0.00195121
18720,0.000478416
74880,0.000119854
299520,3.07E-05
1.20E+06,8.15E-06
