dof,q
1170,1.54542
4680,1.62139
18720,1.62139
74880,1.62139
299520,1.62139
1200000,1.62139
