dof,q
1170,1.07743
4680,1.22674
18720,1.22674
74880,1.22674
299520,1.22674
1200000,1.22674
