dof,error,rate
288.0,0.0501631989481399,0.0
1152.0,0.030697765728613824,0.3805017995128913
4608.0,0.018114312566318624,-0.6150667370558067
18432.0,0.042494128974325335,0.4222321853171877
73728.0,0.023665725666653342,2.85321912758262
294912.0,0.0004532217492453725,0.5478481239715515
1179648.0,0.0002120671041044367,0.0
