dof,error,rate
288.0,0.015702859524175394,0.0
1152.0,0.002518228676599612,0.7204451458163422
4608.0,0.0009275641755897878,0.7262684143396779
18432.0,0.00033891189493005975,0.7297433997165617
73728.0,0.0001232359753948424,0.732140713016063
294912.0,4.466268986955152e-05,0.7339940468250374
1179648.0,1.6144939652178353e-05,0.0
