dof,mu,q
288.0,0.06076619303900565,1.1293022142594382
1152.0,0.07442629866705831,0.9538406999053838
4608.0,0.07424876421685556,0.9551001411901616
18432.0,0.07423763987050867,0.9551792262495153
73728.0,0.07423694448707903,0.9551841704489527
294912.0,0.07423690107039109,0.9551844790329097
1179648.0,0.07423689830917081,0.9551844943192753
