dof,mu,q
288.0,0.09204867144959936,0.847860999080328
1152.0,0.1045270017524563,0.7553200984516006
4608.0,0.10385865088206696,0.7518310313204323
18432.0,0.10374706343376154,0.7512437569507027
73728.0,0.10372816483263399,0.7511441552116614
294912.0,0.1037249563525071,0.7511272407908213
1179648.0,0.1037244117122638,0.7511243667255193
