dof,error
288.0,0.015702859524175394
1152.0,0.0023493461754090805
4608.0,0.0009221517535486603
18432.0,0.0003700222361304333
73728.0,0.00014908783937228856
294912.0,5.9811449863597824e-05
