dof,error
288.0,0.018691899778655017
1152.0,0.002890696871641918
4608.0,0.0011542800317220047
18432.0,0.000456303369286136
73728.0,0.00018054360271103743
294912.0,7.165111401708897e-05
