dof,error
288.0,0.019472592991937973
1152.0,0.003994513340957983
4608.0,0.0009972951686774815
18432.0,0.0002455011598039685
73728.0,6.134144024927334e-05
294912.0,1.5184116598097299e-05
