dof,error
288.0,0.042251217115795874
1152.0,0.01112578677882809
4608.0,0.003139509008654242
18432.0,0.0008229310145737782
73728.0,0.00019990365665925025
294912.0,4.672957410188999e-05
