dof,error
684,0.003076
1716,0.001676
7005,0.0004816
28290,0.000139
100080,4.49E-05
