dof,mu
684,0.140973
2736,0.140973
10944,0.140973
43776,0.140973
175104,0.140973
