dof,q
684,0.530411
2736,0.682247
10944,0.682247
43776,0.682247
175104,0.682247
