dof,mu,q
1170.0,0.0700110047645207,0.8771749847090211
4680.0,0.06035014627176918,0.9100627433900464
18720.0,0.05859528064242045,0.8471596120669415
74880.0,0.05738836108756905,0.8298752876972338
299520.0,0.05668482925014327,0.8299361272132351
1198080.0,0.05630508092597261,0.8299536931194101
