dof,error
1170,0.00571739
2973,0.00317722
11862,0.0010921
47310,0.000616352
168222,0.00027344
