dof,error,beta
1170,0.00937725,0.99
1647,0.00324,
2454,0.00193156,
3705,0.00135894,
5598,0.000990094,
8304,0.000637133,
12555,0.000472322,
18648,0.000325218,
27708,0.000231827,
40947,0.000159031,
59928,0.000117261,
86928,8.73E-05,
126606,6.07E-05,
183465,4.53E-05,
262236,3.21E-05,
373797,2.48E-05,
532416,1.71E-05,
753105,1.31E-05,
1.05E+06,9.41E-06,
1.47E+06,7.26E-06,
