dof,error,beta
1170,0.00937725,0
1647,0.00324,
2454,0.00193156,
3708,0.00140983,
5643,0.00109628,
8487,0.000672951,
12837,0.000525643,
19011,0.000371385,
28278,0.000255514,
42018,0.000190264,
61764,0.000142383,
90165,9.60E-05,
131667,7.19E-05,
190461,5.24E-05,
273285,3.58E-05,
390093,2.68E-05,
556020,1.96E-05,
789009,1.41E-05,
1.11E+06,1.06E-05,
1.55E+06,7.61E-06,
