dof,error,rate
1170.0,0.013515502090254544,0.8053235303322119
4680.0,0.004425670802048053,0.9477744183830477
18720.0,0.001189493431688263,0.9752063891277206
74880.0,0.00030777213558477154,0.990383885903284
299520.0,7.79756106071882e-05,0.9850166673770802
1198080.0,1.9903051101800857e-05,0.0
