dof,error
288.0,0.02925908917933826
1152.0,0.004300106867489509
4608.0,0.0027366442929191645
18432.0,0.0017329514837592375
73728.0,0.0010938390079392526
294912.0,0.0006895164733380556
