dof,error
288.0,0.04494734592388748
1152.0,0.005761168097033004
4608.0,0.003656025947579071
18432.0,0.002313378601685387
73728.0,0.0014598693384454617
294912.0,0.0009202442231858003
