dof,error
288.0,0.06011551680062082
1152.0,0.007289016394435639
4608.0,0.0046096779549842995
18432.0,0.0029082592965135774
73728.0,0.0018331150088104417
294912.0,0.0011550326906283326
