dof,error
288.0,0.007346606524952476
1152.0,0.0025031636740379254
4608.0,0.0010203093469736413
18432.0,0.000503034551266688
73728.0,0.00032249899283392277
294912.0,0.00020385793503810206
