dof,error
288.0,0.07406243565638108
1152.0,0.008540219798681609
4608.0,0.005484920093966825
18432.0,0.0034781448229021794
73728.0,0.002196803429711451
294912.0,0.001385383172408352
