dof,error
288.0,0.026884472091366234
1152.0,0.02044671643981156
4608.0,0.01972708160155944
18432.0,0.01996576649848377
73728.0,0.01969980385545292
294912.0,0.01952183526747463
