dof,error
288.0,311.363118522188
1152.0,282.6501767090581
4608.0,307.03318205294914
18432.0,335.3072806240148
73728.0,349.0131053603619
294912.0,355.7680331960631
