dof,error
288.0,0.016509063320789732
1152.0,0.0026452170518075704
4608.0,0.0017510656333280562
18432.0,0.0011165780798623598
73728.0,0.0007058312126025576
294912.0,0.00044507321332119907
