dof,error
288.0,0.1142468909850125
1152.0,0.06603003416355704
4608.0,0.06552282687698689
18432.0,0.3764911863257644
73728.0,0.06543270948101476
294912.0,0.08208728351105536
