dof,error
288.0,32429128.131495025
1152.0,29406994.116975836
4608.0,31920485.314450532
18432.0,34872783.16587953
73728.0,36303675.12754146
294912.0,37008842.645947434
