dof,mu,q
288.0,0.15562471068368297,0.2518364274431922
1152.0,0.15562471068368003,0.4375331747640614
4608.0,0.15562471068366066,0.43753317476406206
18432.0,0.15562471068364508,0.437533174764063
73728.0,0.1556247106832731,0.4375331747640646
294912.0,0.15562471068227524,0.4375331747640696
