dof,mu,q
288.0,0.12211742537997734,0.6030224204566162
1152.0,0.1221174253799773,0.8103525582889403
4608.0,0.12211742537997697,0.8103525582889405
18432.0,0.12211742537997194,0.8103525582889403
73728.0,0.12211742537996174,0.81035255828894
294912.0,0.1221174253798811,0.8103525582889403
