dof,mu,q
288.0,0.14444211824812744,0.4364480075868572
1152.0,0.14444211824812744,0.614808132708774
4608.0,0.14444211824812558,0.6148081327087739
18432.0,0.1444421182481182,0.6148081327087743
73728.0,0.1444421182480885,0.6148081327087743
294912.0,0.14444211824797112,0.6148081327087763
