dof,error
702,0.00408813
2118,0.0018727
9018,0.00051539
28368,0.000192377
132768,4.47E-05
