dof,error
288.0,0.165019941985013
1152.0,0.18228831870198337
4608.0,0.18610778593697583
18432.0,0.18803219465356333
73728.0,0.18899388043456805
294912.0,0.1894702149430104
