dof,error
1152.0,0.31231216862949324
4608.0,0.3235919429792953
18432.0,0.32747447824984827
73728.0,0.33006514412381693
294912.0,0.33137560572237046
