dof,error
288.0,0.18358124551826144
1152.0,0.19363219456135675
4608.0,0.1971452920673794
18432.0,0.19903357882824882
73728.0,0.20001189522520674
294912.0,0.2005088319320332
