dof,mu
1170,0.0526348
4680,0.0526348
18720,0.0526348
74880,0.0526348
299520,0.0526348
1200000,0.0526348
