dof,mu
1170,0.100305
4680,0.100305
18720,0.100305
74880,0.100305
299520,0.100305
1200000,0.100305
