dof,q
1170,1.53056
4680,1.53767
18720,1.53767
74880,1.53767
299520,1.53767
1200000,1.53767
