dof,error
684,0.0201425
2736,0.0125594
10944,0.00789816
43776,0.00497308
175104,0.00313234
700416,0.00197314
