dof,error
684,0.00395004
2736,0.00177658
10944,0.000706067
43776,0.000280057
175104,0.00011092
