dof,error
684,0.0030970616
1716,0.001559129
7005,0.0004884851
28290,0.000129941
100080,4.45E-05
