dof,Q
2952.0,1171.9738587545576
11808.0,1895.8862393720492
47232.0,7801.628582741656
