dof,error,beta
1170,0.00937725,0.5
1647,0.00324,
2454,0.00193156,
3705,0.00135894,
5598,0.000990094,
8307,0.000637133,
12618,0.000472322,
18729,0.000325218,
27885,0.000231827,
41142,0.000159031,
60246,0.000117261,
87552,8.73E-05,
127509,6.07E-05,
184320,4.53E-05,
263148,3.22E-05,
