dof,error,beta
1170,0.00937725,0.33
1647,0.00324,
2454,0.00193156,
3705,0.00135894,
5598,0.000990094,
8307,0.000638861,
12618,0.000476839,
18729,0.000340962,
27885,0.000241947,
41142,0.000169931,
60246,0.000124139,
87552,9.07E-05,
127509,6.70E-05,
184320,4.89E-05,
263148,3.48E-05,
