dof,error,beta
1170,0.0815311,0
1647,0.0731575,
2454,0.0593851,
3708,0.0361497,
5643,0.0288553,
8487,0.0232599,
12837,0.0188973,
19011,0.0160092,
28278,0.00918781,
42018,0.00657744,
90165,6.27E-03,
190461,3.29E-03,
390093,2.29E-03,
789009,2.17E-03,
1.55E+06,1.53E-03,
