dof,mu
1170,0.143395
1647,0.140684
2454,0.140026
3708,0.135465
5643,0.135465
8487,0.135465
12837,0.127111
19011,0.135465
28278,0.135465
42018,0.12531
61764,0.12531
90165,0.12531
131667,0.12531
190461,0.12531
273285,0.12531
390093,0.12531
556020,0.12531
789009,0.12531
1.11E+06,0.12531
1.55E+06,0.12531
