dof,q
1170,0.509832
1647,0.624319
2454,0.613308
3708,0.666667
5643,0.671515
8487,0.684908
12837,0.671515
19011,0.671515
28278,0.671515
42018,0.671515
61764,0.666667
90165,0.666667
131667,0.667156
190461,0.666667
273285,0.666667
390093,0.666667
556020,0.667156
789009,0.666667
1.11E+06,0.666667
1.55E+06,0.666667
