dof,error,rate
288.0,0.00784973734426891,0.0
1152.0,0.0020632675179883563,0.9368424065297218
4608.0,0.0005630153168201632,0.9636105534123299
18432.0,0.00014803651361913926,0.9786745423698463
73728.0,3.811957605966823e-05,0.987222445193821
294912.0,9.70020528391933e-06,0.9921610473583705
1179648.0,2.451548297945954e-06,0.0
