dof,error,rate
288.0,0.007920143066101478,0.0
1152.0,0.002150838474652817,0.9484530286904397
4608.0,0.000577540140792417,0.9732118932192505
18432.0,0.00014984775141852703,0.9862213010776859
73728.0,3.8184388711183615e-05,0.9928837816900826
294912.0,9.640737133181278e-06,0.9962382043439584
1179648.0,2.422786118989541e-06,0.0
