dof,error,rate
1170.0,0.2738101794770439,2.0106537413968373
4680.0,0.01686224580444994,0.9207920447490465
18720.0,0.004704823821641759,0.16618720957667077
74880.0,0.0037367039867062476,1.7859503154025462
299520.0,0.00031422408044583423,-0.3729118300614603
1198080.0,0.0005269322227016948,0.0
