dof,mu,q
1170.0,0.0951644712736544,0.8259126343413389
4680.0,0.08303671825765083,0.8445462505714646
18720.0,0.08371751982983454,0.8655593220899398
74880.0,0.08401510997114663,0.867419391621089
299520.0,0.0841504168658081,0.8678871083786501
1198080.0,0.08421530028289825,0.868004203954263
