dof,mu,q
1170.0,0.14339487781771187,0.5098323100936321
4680.0,0.1433948778176993,0.6750635453305295
18720.0,0.14339487781769605,0.6750635453306506
74880.0,0.14339487781759347,0.6750635453305754
299520.0,0.14339487781708996,0.6750635453306868
1198080.0,0.14339487781449756,0.6750635453306161
