dof,mu,q
1170.0,0.1281018118665175,0.5896523068443666
4680.0,0.12109526222845446,0.8175425863457172
18720.0,0.12117328060478301,0.8106056283532573
74880.0,0.1212546491953381,0.8070715687175635
299520.0,0.12130577817951016,0.8052900980387113
1198080.0,0.12133392492882432,0.8043960410377768
