dof,error
684,0.00334166
1716,0.00181977
7005,0.000493857
28290,0.000144038
100080,4.37E-05
