dof,error,rate
1170.0,0.05166101585128848,0.04143754386855537
4680.0,0.0487769964863171,0.48156988662462974
18720.0,0.025019642088813892,0.2624063298517866
74880.0,0.01738988620318805,0.48253883901742783
299520.0,0.008907983641283543,0.26694709703970676
1198080.0,0.006152636306207111,0.0
