dof,error,rate
1170.0,0.007221803958335293,0.8825572332461263
4680.0,0.0021246788501338744,0.6355978429202406
18720.0,0.0008802889756684308,0.6296520963983949
74880.0,0.0003677366600453593,0.6265543434186791
299520.0,0.000154281419034985,0.6252744973178406
1198080.0,6.484266656326624e-05,0.0
