dof,mu,q
1170.0,0.02208417016087391,1.7250199262394443
4680.0,0.018674678262950148,1.684225406499558
18720.0,0.01867467774649473,1.6842254186098111
74880.0,0.018674678022141206,1.6842254159191044
299520.0,0.018674678268185523,1.6842254140371458
1198080.0,0.018674679656272678,1.6842254008541861
