dof,mu,q
1170.0,0.07519392570695607,1.0424359057785813
4680.0,0.06989733281575033,0.9686527598725189
18720.0,0.06797504351696343,1.000308940654346
74880.0,0.06795490047065697,1.0006767273021324
299520.0,0.0679523818101912,1.000722742661952
1198080.0,0.06795206651504931,1.0007284966626202
