dof,mu,q
1170.0,0.0018008070347724113,1.979167131828793
4680.0,0.0009808644333294454,1.9729198192715653
18720.0,0.0009808644358828382,1.9729198192341093
74880.0,0.0009808644464680454,1.9729198190779291
299520.0,0.0009808644875380606,1.9729198184261263
1198080.0,0.0009808646491117658,1.9729198159090346
