dof,error
1170,0.00937725
4680,0.00293755
18720,0.0013971
74880,0.00067826
299520,0.000333498
