dof,error,beta
684,0.00395004,0
981,0.00210297,
1488,0.00124057,
2415,0.000842117,
3654,0.000637532,
5577,0.000379815,
8589,0.000286637,
12780,0.000182001,
19059,0.000125417,
28593,8.45E-05,
42048,6.08E-05,
61431,3.97E-05,
89835,2.87E-05,
131577,1.97E-05,
189324,1.38E-05,
