dof,error,beta
684,0.00395004,0.5
981,0.00210297,
1470,0.00123666,
2307,0.000841514,
3474,0.000584282,
5397,0.000377587,
8298,0.000259804,
12330,0.00018078,
18285,0.00012294,
27303,8.12E-05,
40062,5.96E-05,
58665,4.03E-05,
85719,2.84E-05,
125979,1.93E-05,
181245,1.38E-05,
