dof,error,beta
684,0.00395004,0.99
981,0.00210297,
1470,0.00123666,
2307,0.000841514,
3429,0.000593019,
5280,0.000388382,
8025,0.000260226,
11925,0.000184063,
17724,0.000122357,
26286,8.35E-05,
38889,6.03E-05,
57060,4.05E-05,
83178,2.82E-05,
121710,1.98E-05,
174486,1.43E-05,
250401,9.98E-06,
355530,7.03E-06,
507591,5.07E-06,
712590,3.65E-06,
1.00E+06,2.61E-06,
1.40E+06,1.87E-06,
