dof,error
684,0.0201425
975,0.012568
1383,0.00789952
2118,0.00497464
3282,0.00313171
4899,0.00197178
7332,0.00124303
11007,0.00139803
16419,4.93E-04
24546,3.10E-04
36492,1.96E-04
54030,2.20E-04
79554,7.76E-05
117972,4.90E-05
173709,3.08E-05
2.53E+05,1.95E-05
368820,1.53E-05
535431,9.91E-06
773049,6.72E-06
1.11E+06,4.47E-06
