dof,error,,,
684,0.0201425,,,
981,0.0125589,,,
1470,0.00790646,,,
2307,0.00497918,,,
3429,0.00313701,,,
5280,0.00197589,,,
11925,0.000784192,,,
17724,0.00057211,,,
26286,3.69E-04,,,
57060,2.76E-04,,,
83178,2.35E-04,,,
121710,1.67E-04,,38889,3.65E-04
174486,1.48E-04,,507591,9.10E-05
250401,1.13E-04,,712590,5.17E-05
355530,9.48E-05,,,
1.40E+06,3.82E-05,,,
