dof,q
684,0.530411
981,0.699023
1488,0.699023
2415,0.699023
3654,0.699023
5577,0.699023
8589,0.699023
12780,0.699023
19059,0.699023
28593,0.699023
42048,0.699023
61431,0.699023
89835,0.699023
131577,0.699023
189324,0.699023
